USE bdcliente;

INSERT INTO tipodocumento (idTipoDocumento, tipoDocumento) VALUES 
(1, 'DUI'), (2, 'PASAPORTE');

INSERT INTO departamento (idDepartamento, departamento) VALUES
(1, 'San Salvador'),
(2, 'Santa Ana'),
(3, 'San Miguel'),
(4, 'La Libertad'),
(5, 'Usulután'),
(6, 'Sonsonate'),
(7, 'La Unión'),
(8, 'La Paz'),
(9, 'Chalatenango'),
(10, 'Cuscatlán'),
(11, 'Ahuachapán'),
(12, 'Morazán'),
(13, 'San Vicente'),
(14, 'Cabañas');

INSERT INTO municipio (idMunicipio, municipio, idDepartamento) VALUES
(1, 'San Salvador', 1),
(2, 'Ciudad Delgado', 1),
(3, 'Mejicanos', 1),
(4, 'Soyapango', 1),
(5, 'Cuscatancingo', 1),
(6, 'San Marcos', 1),
(7, 'Ilopango', 1),
(8, 'Nejapa', 1),
(9, 'Apopa', 1),
(10, 'San Martín', 1),
(11, 'Panchimalco', 1),
(12, 'Aguilares', 1),
(13, 'Tonacatepeque', 1),
(14, 'Santo Tomás', 1),
(15, 'Santiago Texacuangos', 1),
(16, 'El Paisnal', 1),
(17, 'Guazapa', 1),
(18, 'Ayutuxtepeque', 1),
(19, 'Rosario de Mora', 1),
(20, 'Santa Ana', 2),
(21, 'Chalchuapa', 2),
(22, 'Metapán', 2),
(23, 'Coatepeque', 2),
(24, 'El Congo', 2),
(25, 'Texistepeque', 2),
(26, 'Candelaria de la Frontera', 2),
(27, 'San Sebastián Salitrillo', 2),
(28, 'Santa Rosa Guachipilín', 2),
(29, 'Santiago de la Frontera', 2),
(30, 'El Porvenir', 2),
(31, 'Masahuat', 2),
(32, 'San Antonio Pajonal', 2),
(33, 'San Miguel', 3),
(34, 'Chinameca', 3),
(35, 'El Tránsito', 3),
(36, 'Ciudad Barrios', 3),
(37, 'Chirilagua', 3),
(38, 'Sesori', 3),
(39, 'San Rafael Oriente', 3),
(40, 'Moncagua', 3),
(41, 'Lolotique', 3),
(42, 'San Jorge', 3),
(43, 'Chapeltique', 3),
(44, 'San Gerardo', 3),
(45, 'Carolina', 3),
(46, 'Quelepa', 3),
(47, 'San Luis de la Reina', 3),
(48, 'Nuevo Edén de San Juan', 3),
(49, 'Nueva Guadalupe', 3),
(50, 'Uluazapa', 3),
(51, 'Comacarán', 3),
(52, 'San Antonio del Mosco', 3),
(53, 'Santa Tecla', 4),
(54, 'Quezaltepeque', 4),
(55, 'Ciudad Arce', 4),
(56, 'San Juan Opico', 4),
(57, 'Colón', 4),
(58, 'Puerto de La Libertad', 4),
(59, 'Antiguo Cuscatlán', 4),
(60, 'Comasagua', 4),
(61, 'San Pablo Tacachico', 4),
(62, 'Jayaque', 4),
(63, 'Huizúcar', 4),
(64, 'Tepecoyo', 4),
(65, 'Teotepeque', 4),
(66, 'Chiltiupán', 4),
(67, 'Nuevo Cuscatlán', 4),
(68, 'Tamanique', 4),
(69, 'Sacacoyo', 4),
(70, 'San José Villanueva', 4),
(71, 'Zaragoza', 4),
(72, 'Talnique', 4),
(73, 'San Matías', 4),
(74, 'JicaIapa', 4),
(75, 'Usulután', 5),
(76, 'Jiquilisco', 5),
(77, 'Berlín', 5),
(78, 'Santiago de María', 5),
(79, 'Jucuapa', 5),
(80, 'Santa Elena', 5),
(81, 'Jucuarán', 5),
(82, 'San Agustín', 5),
(83, 'Ozatlán', 5),
(84, 'Estanzuelas', 5),
(85, 'Mercedes Umaña', 5),
(86, 'Alegría', 5),
(87, 'Concepción Batres', 5),
(88, 'San Francisco Javier', 5),
(89, 'Puerto El Triunfo', 5),
(90, 'Tecapán', 5),
(91, 'San Dionisio', 5),
(92, 'Ereguayquín', 5),
(93, 'Santa María', 5),
(94, 'Nueva Granada', 5),
(95, 'Villa El Triunfo', 5),
(96, 'San Buenaventura', 5),
(97, 'California', 5),
(98, 'Sonsonate', 6),
(99, 'Izalco', 6),
(100, 'Acajutla', 6),
(101, 'Armenia', 6),
(102, 'Nahuizalco', 6),
(103, 'Juayúa', 6),
(104, 'San Julián', 6),
(105, 'Sonzacate', 6),
(106, 'San Antonio del Monte', 6),
(107, 'Nahulingo', 6),
(108, 'Cuisnahuat', 6),
(109, 'Santa Catarina Masahuat', 6),
(110, 'Caluco', 6),
(111, 'Santa Isabel Ishuatán', 6),
(112, 'Salcoatitán', 6),
(113, 'Santo Domingo de Guzmán', 6),
(114, 'La Unión', 7),
(115, 'Santa Rosa de Lima', 7),
(116, 'Pasaquina', 7),
(117, 'San Alejo', 7),
(118, 'Anamorós', 7),
(119, 'El Carmen', 7),
(120, 'Conchagua', 7),
(121, 'El Sauce', 7),
(122, 'Lislique', 7),
(123, 'Yucuaiquín', 7),
(124, 'Nueva Esparta', 7),
(125, 'Polorós', 7),
(126, 'Bolívar', 7),
(127, 'Concepción de Oriente', 7),
(128, 'Intipucá', 7),
(129, 'San José La Fuente', 7),
(130, 'Yayantique', 7),
(131, 'Meanguera del Golfo', 7),
(132, 'Zacatecoluca', 8),
(133, 'Santiago Nonualco', 8),
(134, 'San Juan Nonualco', 8),
(135, 'San Pedro Masahuat', 8),
(136, 'Olocuilta', 8),
(137, 'San Pedro Nonualco', 8),
(138, 'San Francisco Chinameca', 8),
(139, 'San Juan Talpa', 8),
(140, 'El Rosario La Paz', 8),
(141, 'San Rafael Obrajuelo', 8),
(142, 'Santa María Ostuma', 8),
(143, 'San Luis Talpa', 8),
(144, 'San Antonio Masahuat', 8),
(145, 'San Miguel Tepezontes', 8),
(146, 'San Juan Tepezontes', 8),
(147, 'Tapalhuaca', 8),
(148, 'Cuyultitán', 8),
(149, 'Paraíso de Osorio', 8),
(150, 'San Emigdio', 8),
(151, 'Jerusalén', 8),
(152, 'Mercedes La Ceiba', 8),
(153, 'San Luis La Herradura', 8),
(154, 'Chalatenango', 9),
(155, 'Nueva Concepción', 9),
(156, 'La Palma', 9),
(157, 'Tejutla', 9),
(158, 'La Reina', 9),
(159, 'Arcatao', 9),
(160, 'San Ignacio', 9),
(161, 'Dulce Nombre de María', 9),
(162, 'Citalá', 9),
(163, 'Agua Caliente', 9),
(164, 'Concepción Quezaltepeque', 9),
(165, 'Nueva Trinidad', 9),
(166, 'Las Vueltas', 9),
(167, 'Comalapa', 9),
(168, 'San Rafael', 9),
(169, 'San José Las Flores', 9),
(170, 'Ojos de Agua', 9),
(171, 'Nombre de Jesús', 9),
(172, 'Potonico', 9),
(173, 'San Francisco Morazán', 9),
(174, 'Santa Rita', 9),
(175, 'La Laguna', 9),
(176, 'San Isidro Labrador', 9),
(177, 'San Antonio de la Cruz', 9),
(178, 'El Paraíso', 9),
(179, 'San Miguel de Mercedes', 9),
(180, 'San Luis del Carmen', 9),
(181, 'San José Cancasque', 9),
(182, 'San Antonio Los Ranchos', 9),
(183, 'El Carrizal', 9),
(184, 'San Fernando', 9),
(185, 'Azacualpa', 9),
(186, 'San Francisco Lempa', 9),
(187, 'Cojutepeque', 10),
(188, 'Suchitoto', 10),
(189, 'San Pedro Perulapán', 10),
(190, 'San José Guayabal', 10),
(191, 'Tenancingo', 10),
(192, 'San Rafael Cedros', 10),
(193, 'Candelaria', 10),
(194, 'El Carmen', 10),
(195, 'Monte San Juan', 10),
(196, 'San Cristóbal', 10),
(197, 'Santa Cruz Michapa', 10),
(198, 'San Bartolomé Perulapía', 10),
(199, 'San Ramón', 10),
(200, 'El Rosario', 10),
(201, 'Oratorio de Concepción', 10),
(202, 'Santa Cruz Analquito', 10),
(203, 'Ahuachapán', 11),
(204, 'Atiquizaya', 11),
(205, 'San Francisco Menéndez', 11),
(206, 'Tacuba', 11),
(207, 'Concepción de Ataco', 11),
(208, 'Jujutla', 11),
(209, 'Guaymango', 11),
(210, 'Apaneca', 11),
(211, 'San Pedro Puxtla', 11),
(212, 'San Lorenzo', 11),
(213, 'Turín', 11),
(214, 'El Refugio', 11),
(215, 'San Francisco Gotera', 12),
(216, 'Jocoro', 12),
(217, 'Corinto', 12),
(218, 'Sociedad', 12),
(219, 'Cacaopera', 12),
(220, 'Guatajiagua', 12),
(221, 'El Divisadero', 12),
(222, 'Jocoaitique', 12),
(223, 'Osicala', 12),
(224, 'Chilanga', 12),
(225, 'Meanguera', 12),
(226, 'Torola', 12),
(227, 'San Simón', 12),
(228, 'Delicias de Concepción', 12),
(229, 'Joateca', 12),
(230, 'Arambala', 12),
(231, 'Lolotiquillo', 12),
(232, 'Yamabal', 12),
(233, 'Yoloaiquín', 12),
(234, 'San Carlos', 12),
(235, 'El Rosario', 12),
(236, 'Perquín', 12),
(237, 'Sensembra', 12),
(238, 'Gualococti', 12),
(239, 'San Fernando', 12),
(240, 'San Isidro', 12),
(241, 'San Vicente', 13),
(242, 'Tecoluca', 13),
(243, 'San Sebastián', 13),
(244, 'Apastepeque', 13),
(245, 'San Esteban Catarina', 13),
(246, 'San Ildelfonso', 13),
(247, 'Santa Clara', 13),
(248, 'San Lorenzo', 13),
(249, 'Verapaz', 13),
(250, 'Guadalupe', 13),
(251, 'Santo Domingo', 13),
(252, 'San Cayetano Istepeque', 13),
(253, 'Tepetitán', 13),
(254, 'Sensuntepeque', 14),
(255, 'Ilobasco', 14),
(256, 'Villa Victoria', 14),
(257, 'San Isidro', 14),
(258, 'Jutiapa', 14),
(259, 'Tejutepeque', 14),
(260, 'Villa Dolores', 14),
(261, 'Cinquera', 14),
(262, 'Guacotecti', 14);

